{"cameraMode":{"drawMode":0,"name":"Shaded","section":"Shading Mode"},"sceneLighting":true,"audioPlay":false,"sceneViewState":{"showFog":false,"showMaterialUpdate":false,"showSkybox":false,"showFlares":false,"showImageEffects":false,"showParticleSystems":true},"in2DMode":false,"pivot":{"x":-5.016591548919678,"y":7.274211883544922,"z":54.941566467285159},"rotation":{"x":-0.03343808278441429,"y":-0.6627703905105591,"z":0.7474884390830994,"w":-0.029648074880242349},"size":64.2179183959961,"orthographic":false}