{"cameraMode":{"drawMode":0,"name":"Shaded","section":"Shading Mode"},"sceneLighting":true,"audioPlay":false,"sceneViewState":{"showFog":false,"showMaterialUpdate":false,"showSkybox":false,"showFlares":false,"showImageEffects":false,"showParticleSystems":true},"in2DMode":false,"pivot":{"x":-13.12435531616211,"y":10.791091918945313,"z":54.998931884765628},"rotation":{"x":-0.004733750596642494,"y":-0.8858389258384705,"z":0.46388155221939089,"w":-0.009039278142154217},"size":38.692996978759769,"orthographic":false}